[
  {
    "id": "92af80af-66ec-48e4-99e0-83c21adf9626",
    "data": [
      {
        "text": "ขอเป็น",
        "userDefined": false
      },
      {
        "text": "ชุดส้มตำสุดคุ้ม",
        "alias": "menuitem",
        "meta": "@sys.any",
        "userDefined": true
      },
      {
        "text": "อ่ะครับ",
        "userDefined": false
      }
    ],
    "isTemplate": false,
    "count": 0
  },
  {
    "id": "063a21e5-2598-4422-9464-29f3a6d4603e",
    "data": [
      {
        "text": "ชุดส้มตำสุดคุ้ม",
        "alias": "menuitem",
        "meta": "@sys.any",
        "userDefined": true
      },
      {
        "text": "ครับ",
        "userDefined": false
      }
    ],
    "isTemplate": false,
    "count": 0
  },
  {
    "id": "73daa09d-a2f9-4ca5-b584-4dd15a68c017",
    "data": [
      {
        "text": "สั่ง",
        "userDefined": false
      },
      {
        "text": "ชุดส้มตำสุดคุ้ม",
        "alias": "menuitem",
        "meta": "@sys.any",
        "userDefined": true
      },
      {
        "text": "อ่ะ",
        "userDefined": false
      }
    ],
    "isTemplate": false,
    "count": 0
  },
  {
    "id": "8cfc53e3-5c7f-4409-b689-c294ef590e57",
    "data": [
      {
        "text": "ขอ",
        "userDefined": false
      },
      {
        "text": "ชุดส้มตำสุดคุ้ม",
        "alias": "menuitem",
        "meta": "@sys.any",
        "userDefined": true
      },
      {
        "text": "ละกัน",
        "userDefined": false
      }
    ],
    "isTemplate": false,
    "count": 0
  },
  {
    "id": "f9d2c7e3-380f-4d0d-abed-0e1a0d430a2d",
    "data": [
      {
        "text": "ขอ ",
        "userDefined": false
      },
      {
        "text": "ชุดส้มตำสุดคุ้ม",
        "alias": "menuitem",
        "meta": "@sys.any",
        "userDefined": true
      },
      {
        "text": " ละกัน",
        "userDefined": false
      }
    ],
    "isTemplate": false,
    "count": 0
  },
  {
    "id": "6c8faf8c-d225-49b5-8e59-baed0ccaaea1",
    "data": [
      {
        "text": "สั่ง ",
        "userDefined": false
      },
      {
        "text": "ชุดส้มตำสุดคุ้ม",
        "alias": "menuitem",
        "meta": "@sys.any",
        "userDefined": true
      },
      {
        "text": " อ่ะ",
        "userDefined": false
      }
    ],
    "isTemplate": false,
    "count": 0
  },
  {
    "id": "248c3139-2577-4ee2-9448-993b149c050b",
    "data": [
      {
        "text": "ขอเป็น ",
        "userDefined": false
      },
      {
        "text": "ชุดส้มตำสุดคุ้ม",
        "alias": "menuitem",
        "meta": "@sys.any",
        "userDefined": true
      },
      {
        "text": " อ่ะครับ",
        "userDefined": false
      }
    ],
    "isTemplate": false,
    "count": 0
  },
  {
    "id": "8373de6b-091c-47d3-b376-484a964b6d92",
    "data": [
      {
        "text": "ชุดส้มตำสุดคุ้ม",
        "alias": "menuitem",
        "meta": "@sys.any",
        "userDefined": true
      },
      {
        "text": " ครับ",
        "userDefined": false
      }
    ],
    "isTemplate": false,
    "count": 0
  }
]