[
  {
    "id": "108fd615-59ee-43b1-86e4-7a0679a755b1",
    "data": [
      {
        "text": "5",
        "alias": "qty",
        "meta": "@sys.number",
        "userDefined": false
      },
      {
        "text": " ชุด",
        "userDefined": false
      }
    ],
    "isTemplate": false,
    "count": 0
  },
  {
    "id": "95bdf85b-a8c2-45c2-a711-9402d928953f",
    "data": [
      {
        "text": "5",
        "alias": "qty",
        "meta": "@sys.number",
        "userDefined": false
      },
      {
        "text": "ชุด",
        "userDefined": false
      }
    ],
    "isTemplate": false,
    "count": 0
  },
  {
    "id": "a311da46-8bef-4f81-879d-e10c75353af0",
    "data": [
      {
        "text": "5",
        "alias": "qty",
        "meta": "@sys.number",
        "userDefined": false
      },
      {
        "text": " ที่",
        "userDefined": false
      }
    ],
    "isTemplate": false,
    "count": 0
  },
  {
    "id": "d29236b2-af09-4945-9c8d-d343aec322a6",
    "data": [
      {
        "text": "5",
        "alias": "qty",
        "meta": "@sys.number",
        "userDefined": false
      },
      {
        "text": "ที่",
        "userDefined": false
      }
    ],
    "isTemplate": false,
    "count": 0
  },
  {
    "id": "b3f7f621-4b7e-44ab-b91e-61a618c5f38d",
    "data": [
      {
        "text": "5",
        "alias": "qty",
        "meta": "@sys.number",
        "userDefined": false
      }
    ],
    "isTemplate": false,
    "count": 0
  }
]